"-vaapi_device '/dev/dri/renderD128' -i {input} -vf 'format=nv12,hwupload' -c:v h264_vaapi -qp 28 -g 30 -map_metadata -1 {output_dir}"
"-vaapi_device '/dev/dri/renderD128' -i {input} -vf 'format=nv12,hwupload' -c:v h264_vaapi -qp 28 -g 30 -map_metadata -1 {output_dir}"
"..."
"-vaapi_device '/dev/dri/renderD128' -i {input} -vf 'format=nv12,hwupload,scale_vaapi=iw/2:-2' -c:v hevc_vaapi -qp 28 -g 30 -c:a aac -map_metadata -1 {output_dir}"
"-vaapi_device '/dev/dri/renderD128' -i {input} -vf 'format=p010,hwupload,scale_vaapi=iw/2:-2' -c:v hevc_vaapi -qp 28 -g 30 -c:a aac -map_metadata -1 {output_dir}"
"-vaapi_device '/dev/dri/renderD128' -i {input} -vf 'format=p010,hwupload' -c:v hevc_vaapi -qp 28 -g 30 -c:a aac -map_metadata -1 {output_dir}"
"-hwaccel vaapi -hwaccel_device /dev/dri/renderD128 -hwaccel_output_format vaapi -i {input} -vf 'scale_vaapi=iw/2:-2:format=nv12' -c:v hevc_vaapi -rc_mode CQP -qp 28 -g 30 -c:a libfdk_aac -map_metadata -1 {output_dir}"
"..."
"-i {input} -vf 'format=nv12,hwupload' -c:v vp9_vaapi -b:v 3M -g 150 -map_metadata -1 {output_dir}"
"-i {input} -vf 'format=p010,hwupload' -c:v vp9_vaapi -b:v 3M -g 150 -map_metadata -1 {output_dir}"
